miRNA_name,evidence
['hsa-mir-21'],['dbDEMC and miR2Disease']
['hsa-mir-155'],['dbDEMC and miR2Disease']
['hsa-mir-146a'],['dbDEMC']
['hsa-mir-34a'],['dbDEMC']
['hsa-mir-145'],['dbDEMC and miR2Disease']
['hsa-mir-223'],['dbDEMC']
['hsa-mir-126'],['dbDEMC']
['hsa-mir-17'],['dbDEMC and miR2Disease']
['hsa-mir-150'],['dbDEMC and miR2Disease']
['hsa-mir-221'],['dbDEMC and miR2Disease']
['hsa-mir-16'],['dbDEMC and miR2Disease']
['hsa-mir-142'],['Unconfirmed']
['hsa-mir-222'],['dbDEMC']
['hsa-mir-29a'],['dbDEMC']
['hsa-mir-143'],['dbDEMC and miR2Disease']
['hsa-mir-15a'],['dbDEMC']
['hsa-mir-20a'],['dbDEMC and miR2Disease']
['hsa-mir-210'],['dbDEMC and miR2Disease']
['hsa-mir-31'],['dbDEMC']
['hsa-mir-19a'],['dbDEMC and miR2Disease']
['hsa-mir-125b'],['Unconfirmed']
['hsa-mir-146b'],['Unconfirmed']
['hsa-mir-200b'],['dbDEMC']
['hsa-mir-122'],['dbDEMC']
['hsa-mir-182'],['dbDEMC']
['hsa-mir-92a'],['dbDEMC']
['hsa-mir-132'],['dbDEMC']
['hsa-mir-206'],['dbDEMC']
['hsa-mir-9'],['dbDEMC']
['hsa-let-7b'],['dbDEMC']
['hsa-mir-30a'],['dbDEMC']
['hsa-mir-203'],['dbDEMC']
['hsa-mir-29b'],['dbDEMC']
['hsa-mir-214'],['dbDEMC']
['hsa-mir-133a'],['dbDEMC']
['hsa-mir-18a'],['dbDEMC']
['hsa-mir-24'],['dbDEMC']
['hsa-mir-205'],['dbDEMC']
['hsa-let-7a'],['dbDEMC']
['hsa-mir-15b'],['dbDEMC']
['hsa-mir-26a'],['dbDEMC']
['hsa-mir-1'],['dbDEMC']
['hsa-mir-29c'],['dbDEMC']
['hsa-mir-200a'],['dbDEMC']
['hsa-mir-93'],['dbDEMC']
['hsa-mir-27a'],['dbDEMC']
['hsa-mir-200c'],['dbDEMC']
['hsa-mir-183'],['dbDEMC']
['hsa-mir-106b'],['dbDEMC']
['hsa-mir-195'],['dbDEMC']
['hsa-mir-192'],['dbDEMC']
['hsa-mir-124'],['dbDEMC']
['hsa-mir-181a'],['dbDEMC']
['hsa-mir-125a'],['dbDEMC']
['hsa-let-7c'],['dbDEMC']
['hsa-mir-199a'],['dbDEMC']
['hsa-mir-22'],['dbDEMC']
['hsa-mir-106a'],['dbDEMC and miR2Disease']
['hsa-mir-141'],['dbDEMC']
['hsa-mir-144'],['Unconfirmed']
['hsa-mir-27b'],['dbDEMC']
['hsa-mir-26b'],['dbDEMC']
['hsa-mir-19b-1'],['Unconfirmed']
['hsa-mir-30b'],['dbDEMC']
['hsa-let-7d'],['dbDEMC']
['hsa-mir-130a'],['dbDEMC']
['hsa-mir-23a'],['dbDEMC']
['hsa-let-7g'],['dbDEMC']
['hsa-mir-149'],['dbDEMC and miR2Disease']
['hsa-mir-99a'],['dbDEMC and miR2Disease']
['hsa-mir-196a'],['dbDEMC']
['hsa-let-7e'],['dbDEMC and miR2Disease']
['hsa-mir-451'],['dbDEMC']
['hsa-mir-96'],['dbDEMC']
['hsa-let-7i'],['dbDEMC']
['hsa-mir-204'],['dbDEMC']
['hsa-mir-148a'],['dbDEMC']
['hsa-mir-375'],['Unconfirmed']
['hsa-mir-23b'],['dbDEMC']
['hsa-mir-100'],['dbDEMC']
['hsa-mir-181b'],['dbDEMC']
['hsa-mir-107'],['dbDEMC']
['hsa-mir-101'],['dbDEMC']
['hsa-mir-25'],['dbDEMC']
['hsa-mir-486'],['Unconfirmed']
['hsa-mir-218'],['dbDEMC']
['hsa-mir-10a'],['dbDEMC and miR2Disease']
['hsa-mir-125b-1'],['Unconfirmed']
['hsa-let-7'],['Unconfirmed']
['hsa-mir-140'],['dbDEMC']
['hsa-mir-429'],['Unconfirmed']
['hsa-mir-194'],['dbDEMC']
['hsa-mir-19b'],['dbDEMC and miR2Disease']
['hsa-mir-224'],['dbDEMC']
['hsa-mir-29'],['Unconfirmed']
['hsa-mir-483'],['Unconfirmed']
['hsa-mir-10b'],['dbDEMC']
['hsa-mir-335'],['dbDEMC']
['hsa-mir-16-1'],['Unconfirmed']
['hsa-mir-138'],['dbDEMC']
['hsa-mir-212'],['dbDEMC']
['hsa-mir-92a-1'],['Unconfirmed']
['hsa-mir-499'],['Unconfirmed']
['hsa-mir-494'],['dbDEMC']
['hsa-mir-424'],['dbDEMC']
['hsa-mir-423'],['dbDEMC']
['hsa-mir-320a'],['Unconfirmed']
['hsa-mir-7'],['dbDEMC']
['hsa-mir-200'],['Unconfirmed']
['hsa-mir-130b'],['dbDEMC']
['hsa-mir-33a'],['dbDEMC']
['hsa-mir-92-1'],['Unconfirmed']
['hsa-mir-191'],['dbDEMC']
['hsa-mir-139'],['dbDEMC and miR2Disease']
['hsa-mir-125b-2'],['Unconfirmed']
['hsa-mir-193a'],['Unconfirmed']
['hsa-mir-18'],['Unconfirmed']
['hsa-mir-373'],['dbDEMC']
['hsa-mir-378'],['Unconfirmed']
['hsa-mir-29b-2'],['Unconfirmed']
['hsa-mir-193b'],['Unconfirmed']
['hsa-mir-137'],['dbDEMC']
['hsa-mir-497'],['dbDEMC']
['hsa-mir-197'],['dbDEMC']
['hsa-mir-98'],['dbDEMC']
['hsa-mir-1-1'],['Unconfirmed']
['hsa-mir-133b'],['dbDEMC']
['hsa-mir-29b-1'],['Unconfirmed']
['hsa-mir-372'],['Unconfirmed']
['hsa-mir-196a-2'],['Unconfirmed']
['hsa-mir-185'],['dbDEMC']
['hsa-mir-135b'],['dbDEMC']
['hsa-mir-196b'],['Unconfirmed']
['hsa-mir-20b'],['dbDEMC']
['hsa-mir-30c'],['dbDEMC']
['hsa-mir-127'],['dbDEMC and miR2Disease']
['hsa-mir-199b'],['dbDEMC']
['hsa-let-7a-2'],['Unconfirmed']
['hsa-let-7a-1'],['Unconfirmed']
['hsa-mir-342'],['dbDEMC']
['hsa-mir-16-2'],['Unconfirmed']
['hsa-mir-133a-1'],['Unconfirmed']
['hsa-mir-30e'],['dbDEMC']
['hsa-mir-184'],['dbDEMC']
['hsa-mir-181c'],['dbDEMC']
['hsa-mir-1-2'],['Unconfirmed']
['hsa-mir-134'],['dbDEMC']
['hsa-mir-449a'],['Unconfirmed']
['hsa-mir-370'],['Unconfirmed']
['hsa-mir-30d'],['dbDEMC']
['hsa-mir-99b'],['dbDEMC']
['hsa-let-7a-3'],['Unconfirmed']
['hsa-mir-451a'],['Unconfirmed']
['hsa-mir-199a-2'],['Unconfirmed']
['hsa-mir-181a-2'],['Unconfirmed']
['hsa-mir-503'],['dbDEMC']
['hsa-mir-133a-2'],['Unconfirmed']
['hsa-let-7f'],['dbDEMC']
['hsa-mir-92a-2'],['Unconfirmed']
['hsa-mir-296'],['dbDEMC']
['hsa-mir-152'],['dbDEMC']
['hsa-mir-9-1'],['Unconfirmed']
['hsa-mir-103'],['Unconfirmed']
['hsa-mir-26a-1'],['Unconfirmed']
['hsa-mir-129'],['dbDEMC']
['hsa-mir-186'],['dbDEMC']
['hsa-mir-34'],['Unconfirmed']
['hsa-mir-199a-1'],['Unconfirmed']
['hsa-mir-215'],['dbDEMC']
['hsa-mir-92b'],['dbDEMC']
['hsa-mir-128'],['dbDEMC']
['hsa-mir-9-3'],['Unconfirmed']
['hsa-mir-19b-2'],['Unconfirmed']
['hsa-mir-491'],['Unconfirmed']
['hsa-mir-24-1'],['Unconfirmed']
['hsa-mir-133'],['Unconfirmed']
['hsa-mir-18b'],['dbDEMC']
['hsa-mir-28'],['dbDEMC']
['hsa-mir-135a'],['Unconfirmed']
['hsa-mir-338'],['dbDEMC']
['hsa-mir-328'],['dbDEMC and miR2Disease']
['hsa-mir-708'],['Unconfirmed']
['hsa-mir-425'],['dbDEMC']
['hsa-mir-181b-1'],['Unconfirmed']
['hsa-mir-301a'],['Unconfirmed']
['hsa-mir-7-1'],['Unconfirmed']
['hsa-mir-217'],['dbDEMC']
['hsa-let-7f-2'],['Unconfirmed']
['hsa-mir-30'],['Unconfirmed']
['hsa-mir-124-1'],['Unconfirmed']
['hsa-mir-1246'],['Unconfirmed']
['hsa-let-7f-1'],['Unconfirmed']
['hsa-mir-495'],['Unconfirmed']
['hsa-mir-302a'],['dbDEMC']
['hsa-mir-320'],['miR2Disease']
['hsa-mir-211'],['dbDEMC']
['hsa-mir-124-2'],['Unconfirmed']
['hsa-mir-367'],['Unconfirmed']
['hsa-mir-9-2'],['Unconfirmed']
['hsa-mir-363'],['dbDEMC']
['hsa-mir-181b-2'],['Unconfirmed']
['hsa-mir-33b'],['dbDEMC']
['hsa-mir-26a-2'],['Unconfirmed']
['hsa-mir-101-2'],['Unconfirmed']
['hsa-mir-7-2'],['Unconfirmed']
['hsa-mir-101-1'],['Unconfirmed']
['hsa-mir-7-3'],['Unconfirmed']
['hsa-mir-32'],['dbDEMC']
['hsa-mir-340'],['dbDEMC']
['hsa-mir-148b'],['dbDEMC']
['hsa-mir-151a'],['Unconfirmed']
['hsa-mir-574'],['Unconfirmed']
['hsa-mir-381'],['Unconfirmed']
['hsa-mir-208a'],['Unconfirmed']
['hsa-mir-449b'],['Unconfirmed']
['hsa-mir-378a'],['Unconfirmed']
['hsa-mir-452'],['Unconfirmed']
['hsa-mir-326'],['dbDEMC']
['hsa-mir-499a'],['Unconfirmed']
['hsa-mir-638'],['dbDEMC']
['hsa-mir-219'],['dbDEMC']
['hsa-mir-187'],['dbDEMC']
['hsa-mir-382'],['Unconfirmed']
['hsa-mir-208b'],['Unconfirmed']
['hsa-mir-30c-2'],['Unconfirmed']
['hsa-mir-629'],['dbDEMC']
['hsa-mir-196a-1'],['Unconfirmed']
['hsa-mir-339'],['dbDEMC']
['hsa-mir-663'],['Unconfirmed']
['hsa-mir-146'],['Unconfirmed']
['hsa-mir-383'],['Unconfirmed']
['hsa-mir-590'],['Unconfirmed']
['hsa-mir-24-2'],['Unconfirmed']
['hsa-mir-218-1'],['Unconfirmed']
['hsa-mir-330'],['dbDEMC']
['hsa-mir-302c'],['dbDEMC']
['hsa-mir-124-3'],['Unconfirmed']
['hsa-mir-324'],['Unconfirmed']
['hsa-mir-542'],['Unconfirmed']
['hsa-mir-181d'],['dbDEMC']
['hsa-mir-484'],['dbDEMC']
['hsa-mir-455'],['Unconfirmed']
['hsa-mir-302b'],['Unconfirmed']
['hsa-mir-885'],['Unconfirmed']
['hsa-mir-218-2'],['Unconfirmed']
['hsa-mir-181'],['Unconfirmed']
['hsa-mir-103a-2'],['Unconfirmed']
['hsa-mir-198'],['dbDEMC']
['hsa-mir-410'],['Unconfirmed']
['hsa-mir-490'],['Unconfirmed']
['hsa-mir-489'],['dbDEMC']
['hsa-mir-95'],['dbDEMC and miR2Disease']
['hsa-mir-365'],['Unconfirmed']
['hsa-mir-630'],['Unconfirmed']
['hsa-mir-362'],['Unconfirmed']
['hsa-mir-103a-1'],['Unconfirmed']
['hsa-mir-377'],['Unconfirmed']
['hsa-mir-720'],['Unconfirmed']
['hsa-mir-1290'],['Unconfirmed']
['hsa-mir-454'],['dbDEMC']
['hsa-mir-129-2'],['Unconfirmed']
['hsa-mir-608'],['Unconfirmed']
['hsa-mir-202'],['Unconfirmed']
['hsa-mir-30c-1'],['Unconfirmed']
['hsa-mir-216b'],['Unconfirmed']
['hsa-mir-138-2'],['Unconfirmed']
['hsa-mir-154'],['dbDEMC']
['hsa-mir-874'],['Unconfirmed']
['hsa-mir-138-1'],['Unconfirmed']
['hsa-mir-433'],['Unconfirmed']
['hsa-mir-506'],['Unconfirmed']
['hsa-mir-33'],['Unconfirmed']
['hsa-mir-485'],['Unconfirmed']
['hsa-mir-509'],['Unconfirmed']
['hsa-mir-663a'],['Unconfirmed']
['hsa-mir-136'],['dbDEMC']
['hsa-mir-374a'],['Unconfirmed']
['hsa-mir-675'],['Unconfirmed']
['hsa-mir-216a'],['Unconfirmed']
['hsa-mir-376c'],['Unconfirmed']
['hsa-mir-181a-1'],['Unconfirmed']
['hsa-mir-128-2'],['Unconfirmed']
['hsa-mir-409'],['Unconfirmed']
['hsa-mir-625'],['dbDEMC']
['hsa-mir-125'],['Unconfirmed']
['hsa-mir-361'],['Unconfirmed']
['hsa-mir-124a'],['Unconfirmed']
['hsa-mir-15'],['Unconfirmed']
['hsa-mir-505'],['Unconfirmed']
['hsa-mir-498'],['Unconfirmed']
['hsa-mir-194-1'],['Unconfirmed']
['hsa-mir-331'],['Unconfirmed']
['hsa-mir-376a'],['Unconfirmed']
['hsa-mir-520a'],['Unconfirmed']
['hsa-mir-940'],['Unconfirmed']
['hsa-mir-421'],['Unconfirmed']
['hsa-mir-371a'],['Unconfirmed']
['hsa-mir-652'],['Unconfirmed']
['hsa-mir-153'],['Unconfirmed']
['hsa-mir-502'],['Unconfirmed']
['hsa-mir-650'],['Unconfirmed']
['hsa-mir-532'],['Unconfirmed']
['hsa-mir-188'],['dbDEMC']
['hsa-mir-744'],['dbDEMC']
['hsa-mir-135a-2'],['Unconfirmed']
['hsa-mir-151'],['miR2Disease']
['hsa-mir-299'],['dbDEMC']
['hsa-mir-592'],['Unconfirmed']
['hsa-mir-365a'],['Unconfirmed']
['hsa-mir-135a-1'],['Unconfirmed']
['hsa-mir-520h'],['Unconfirmed']
['hsa-mir-431'],['Unconfirmed']
['hsa-mir-520d'],['Unconfirmed']
['hsa-mir-208'],['Unconfirmed']
['hsa-mir-103a'],['Unconfirmed']
['hsa-mir-422a'],['dbDEMC']
['hsa-mir-302d'],['Unconfirmed']
['hsa-mir-323'],['Unconfirmed']
['hsa-mir-628'],['Unconfirmed']
['hsa-mir-543'],['Unconfirmed']
['hsa-mir-128-1'],['Unconfirmed']
['hsa-mir-374b'],['dbDEMC']
['hsa-mir-671'],['Unconfirmed']
['hsa-mir-337'],['dbDEMC']
['hsa-mir-19'],['Unconfirmed']
['hsa-mir-584'],['dbDEMC']
['hsa-mir-194-2'],['Unconfirmed']
['hsa-mir-411'],['Unconfirmed']
['hsa-mir-520c'],['Unconfirmed']
['hsa-mir-539'],['Unconfirmed']
['hsa-mir-504'],['Unconfirmed']
['hsa-mir-128a'],['Unconfirmed']
['hsa-mir-320b'],['Unconfirmed']
['hsa-mir-487b'],['Unconfirmed']
['hsa-mir-432'],['Unconfirmed']
['hsa-mir-345'],['Unconfirmed']
['hsa-mir-511'],['Unconfirmed']
['hsa-mir-92'],['dbDEMC and miR2Disease']
['hsa-mir-525'],['Unconfirmed']
['hsa-mir-520b'],['Unconfirmed']
['hsa-mir-886'],['Unconfirmed']
['hsa-mir-129-1'],['Unconfirmed']
['hsa-mir-1224'],['Unconfirmed']
['hsa-mir-1207'],['Unconfirmed']
['hsa-mir-1275'],['Unconfirmed']
['hsa-mir-199'],['Unconfirmed']
['hsa-mir-302'],['Unconfirmed']
['hsa-mir-493'],['Unconfirmed']
['hsa-mir-1271'],['Unconfirmed']
['hsa-mir-622'],['Unconfirmed']
['hsa-mir-519d'],['Unconfirmed']
['hsa-mir-371'],['Unconfirmed']
['hsa-mir-518b'],['Unconfirmed']
['hsa-mir-301b'],['Unconfirmed']
['hsa-mir-346'],['Unconfirmed']
['hsa-mir-582'],['Unconfirmed']
['hsa-mir-196a2'],['Unconfirmed']
['hsa-mir-601'],['Unconfirmed']
['hsa-mir-508'],['Unconfirmed']
['hsa-mir-300'],['Unconfirmed']
['hsa-mir-637'],['Unconfirmed']
['hsa-mir-153-2'],['Unconfirmed']
['hsa-mir-379'],['Unconfirmed']
['hsa-mir-320d'],['Unconfirmed']
['hsa-mir-939'],['Unconfirmed']
['hsa-mir-942'],['Unconfirmed']
['hsa-mir-512'],['Unconfirmed']
['hsa-mir-517a'],['Unconfirmed']
['hsa-mir-575'],['Unconfirmed']
['hsa-mir-219-1'],['Unconfirmed']
['hsa-mir-329'],['Unconfirmed']
['hsa-mir-105'],['dbDEMC']
['hsa-mir-147'],['Unconfirmed']
['hsa-mir-147b'],['Unconfirmed']
['hsa-mir-323a'],['Unconfirmed']
['hsa-mir-448'],['Unconfirmed']
['hsa-mir-873'],['Unconfirmed']
['hsa-mir-595'],['Unconfirmed']
['hsa-mir-613'],['Unconfirmed']
['hsa-mir-488'],['Unconfirmed']
['hsa-mir-615'],['Unconfirmed']
['hsa-mir-570'],['Unconfirmed']
['hsa-mir-765'],['dbDEMC']
['hsa-mir-510'],['Unconfirmed']
['hsa-mir-660'],['Unconfirmed']
['hsa-mir-365b'],['Unconfirmed']
['hsa-mir-3613'],['Unconfirmed']
['hsa-mir-766'],['Unconfirmed']
['hsa-mir-297'],['Unconfirmed']
['hsa-mir-520g'],['Unconfirmed']
['hsa-mir-572'],['Unconfirmed']
['hsa-mir-1908'],['Unconfirmed']
['hsa-mir-664'],['Unconfirmed']
['hsa-mir-384'],['Unconfirmed']
['hsa-mir-130'],['Unconfirmed']
['hsa-mir-27'],['Unconfirmed']
['hsa-mir-148'],['Unconfirmed']
['hsa-mir-26'],['Unconfirmed']
['hsa-mir-524'],['Unconfirmed']
['hsa-mir-519b'],['Unconfirmed']
['hsa-mir-1236'],['Unconfirmed']
['hsa-mir-302f'],['Unconfirmed']
['hsa-mir-551b'],['Unconfirmed']
['hsa-mir-203a'],['Unconfirmed']
['hsa-mir-190a'],['Unconfirmed']
['hsa-mir-151b'],['Unconfirmed']
['hsa-mir-103b-1'],['Unconfirmed']
['hsa-mir-1291'],['Unconfirmed']
['hsa-mir-665'],['Unconfirmed']
['hsa-mir-2861'],['Unconfirmed']
['hsa-mir-298'],['Unconfirmed']
['hsa-mir-153-1'],['Unconfirmed']
['hsa-mir-639'],['Unconfirmed']
['hsa-mir-196'],['Unconfirmed']
['hsa-mir-519c'],['Unconfirmed']
['hsa-mir-190'],['Unconfirmed']
['hsa-mir-325'],['Unconfirmed']
['hsa-mir-369'],['dbDEMC']
['hsa-mir-526b'],['Unconfirmed']
['hsa-mir-1297'],['Unconfirmed']
['hsa-mir-376'],['Unconfirmed']
['hsa-mir-602'],['Unconfirmed']
['hsa-mir-513b'],['Unconfirmed']
['hsa-mir-376a-2'],['Unconfirmed']
['hsa-mir-103b-2'],['Unconfirmed']
['hsa-mir-545'],['Unconfirmed']
['hsa-mir-1228'],['Unconfirmed']
['hsa-mir-513a-1'],['Unconfirmed']
['hsa-mir-655'],['Unconfirmed']
['hsa-mir-605'],['Unconfirmed']
['hsa-mir-663b'],['Unconfirmed']
['hsa-mir-646'],['Unconfirmed']
['hsa-mir-520e'],['Unconfirmed']
['hsa-mir-376a-1'],['Unconfirmed']
['hsa-mir-500'],['Unconfirmed']
['hsa-mir-518e'],['Unconfirmed']
['hsa-mir-513a-2'],['Unconfirmed']
['hsa-mir-320c-2'],['Unconfirmed']
['hsa-mir-449'],['Unconfirmed']
['hsa-mir-128b'],['Unconfirmed']
['hsa-mir-552'],['Unconfirmed']
['hsa-mir-634'],['Unconfirmed']
['hsa-mir-550a-1'],['Unconfirmed']
['hsa-mir-1288'],['Unconfirmed']
['hsa-mir-193'],['Unconfirmed']
['hsa-mir-492'],['Unconfirmed']
['hsa-mir-769'],['Unconfirmed']
['hsa-mir-760'],['Unconfirmed']
['hsa-mir-550a-2'],['Unconfirmed']
['hsa-mir-216'],['Unconfirmed']
['hsa-mir-616'],['Unconfirmed']
['hsa-mir-147a'],['Unconfirmed']
['hsa-mir-513c'],['Unconfirmed']
['hsa-mir-516a-1'],['Unconfirmed']
['hsa-mir-758'],['Unconfirmed']
['hsa-mir-135'],['Unconfirmed']
['hsa-mir-520f'],['Unconfirmed']
['hsa-mir-557'],['Unconfirmed']
['hsa-mir-500a'],['Unconfirmed']
['hsa-mir-522'],['Unconfirmed']
['hsa-mir-1280'],['Unconfirmed']
['hsa-mir-519a-1'],['Unconfirmed']
['hsa-mir-661'],['Unconfirmed']
['hsa-mir-645'],['Unconfirmed']
['hsa-mir-612'],['Unconfirmed']
['hsa-mir-1827'],['Unconfirmed']
['hsa-mir-509-3'],['Unconfirmed']
['hsa-mir-603'],['Unconfirmed']
['hsa-mir-618'],['Unconfirmed']
['hsa-mir-518'],['Unconfirmed']
['hsa-mir-378f'],['Unconfirmed']
['hsa-mir-944'],['Unconfirmed']
['hsa-mir-596'],['Unconfirmed']
['hsa-mir-598'],['Unconfirmed']
['hsa-mir-1244'],['Unconfirmed']
['hsa-mir-657'],['Unconfirmed']
['hsa-mir-1303'],['Unconfirmed']
['hsa-mir-2110'],['Unconfirmed']
['hsa-mir-449c'],['Unconfirmed']
['hsa-mir-376b'],['Unconfirmed']
['hsa-mir-576'],['Unconfirmed']
['hsa-mir-636'],['Unconfirmed']
['hsa-mir-516a-2'],['Unconfirmed']
['hsa-mir-548b'],['Unconfirmed']
['hsa-mir-1307'],['Unconfirmed']
['hsa-mir-589'],['Unconfirmed']
['hsa-mir-571'],['Unconfirmed']
['hsa-mir-1285'],['Unconfirmed']
['hsa-mir-1973'],['Unconfirmed']
['hsa-mir-302e'],['Unconfirmed']
['hsa-mir-320c'],['Unconfirmed']
['hsa-mir-627'],['Unconfirmed']
['hsa-mir-632'],['Unconfirmed']
['hsa-mir-378e'],['Unconfirmed']
['hsa-mir-518c'],['Unconfirmed']
['hsa-mir-2909'],['Unconfirmed']
['hsa-mir-3676'],['Unconfirmed']
['hsa-mir-378b'],['Unconfirmed']
['hsa-mir-4286'],['Unconfirmed']
['hsa-mir-561'],['Unconfirmed']
['hsa-mir-1179'],['Unconfirmed']
['hsa-mir-378h'],['Unconfirmed']
['hsa-mir-516b-2'],['Unconfirmed']
['hsa-mir-378i'],['Unconfirmed']
['hsa-mir-380'],['Unconfirmed']
['hsa-mir-523'],['Unconfirmed']
['hsa-mir-320e'],['Unconfirmed']
['hsa-mir-548d-1'],['Unconfirmed']
['hsa-mir-378d-1'],['Unconfirmed']
['hsa-mir-593'],['Unconfirmed']
['hsa-mir-548c'],['Unconfirmed']
['hsa-mir-935'],['Unconfirmed']
['hsa-mir-548'],['Unconfirmed']
['hsa-mir-579'],['Unconfirmed']
['hsa-mir-1825'],['Unconfirmed']
['hsa-mir-551a'],['Unconfirmed']
['hsa-mir-501'],['Unconfirmed']
['hsa-mir-519e'],['Unconfirmed']
['hsa-mir-586'],['Unconfirmed']
['hsa-mir-642b'],['Unconfirmed']
['hsa-mir-518a'],['Unconfirmed']
['hsa-mir-378g'],['Unconfirmed']
['hsa-mir-1274a'],['Unconfirmed']
['hsa-mir-3619'],['Unconfirmed']
['hsa-mir-190b'],['Unconfirmed']
['hsa-mir-1258'],['Unconfirmed']
['hsa-mir-610'],['Unconfirmed']
['hsa-mir-1299'],['Unconfirmed']
['hsa-mir-323b'],['Unconfirmed']
['hsa-mir-512-2'],['Unconfirmed']
['hsa-mir-2278'],['Unconfirmed']
['hsa-mir-516a'],['Unconfirmed']
['hsa-mir-1266'],['Unconfirmed']
['hsa-mir-515-1'],['Unconfirmed']
['hsa-mir-378d-2'],['Unconfirmed']
['hsa-mir-1234'],['Unconfirmed']
['hsa-mir-577'],['Unconfirmed']
['hsa-mir-1915'],['Unconfirmed']
['hsa-mir-301'],['Unconfirmed']
['hsa-mir-23'],['Unconfirmed']
['hsa-mir-767'],['Unconfirmed']
['hsa-mir-3149'],['Unconfirmed']
['hsa-mir-517c'],['Unconfirmed']
['hsa-mir-526a-2'],['Unconfirmed']
['hsa-mir-718'],['Unconfirmed']
['hsa-mir-659'],['Unconfirmed']
['hsa-mir-1247'],['Unconfirmed']
['hsa-mir-662'],['Unconfirmed']
['hsa-mir-519a-2'],['Unconfirmed']
['hsa-mir-3175'],['Unconfirmed']
['hsa-mir-642a'],['Unconfirmed']
['hsa-mir-126a'],['Unconfirmed']
['hsa-mir-527'],['Unconfirmed']
['hsa-mir-4717'],['Unconfirmed']
['hsa-mir-4739'],['Unconfirmed']
['hsa-mir-422b'],['Unconfirmed']
['hsa-mir-219-2'],['Unconfirmed']
['hsa-mir-517'],['Unconfirmed']
['hsa-mir-1227'],['Unconfirmed']
['hsa-mir-3196'],['Unconfirmed']
['hsa-mir-877'],['Unconfirmed']
['hsa-mir-548d'],['Unconfirmed']
['hsa-mir-544a'],['Unconfirmed']
['hsa-mir-509-2'],['Unconfirmed']
['hsa-mir-938'],['Unconfirmed']
['hsa-mir-4732'],['Unconfirmed']
['hsa-mir-103-1'],['Unconfirmed']
['hsa-mir-3162'],['Unconfirmed']
['hsa-mir-922'],['Unconfirmed']
['hsa-mir-3151'],['Unconfirmed']
['hsa-mir-516b-1'],['Unconfirmed']
['hsa-mir-573'],['Unconfirmed']
['hsa-mir-585'],['Unconfirmed']
['hsa-mir-654'],['Unconfirmed']
['hsa-mir-1183'],['Unconfirmed']
['hsa-mir-558'],['Unconfirmed']
['hsa-mir-320c-1'],['Unconfirmed']
['hsa-mir-647'],['Unconfirmed']
['hsa-mir-320d-1'],['Unconfirmed']
['hsa-mir-519'],['Unconfirmed']
['hsa-mir-1231'],['Unconfirmed']
['hsa-mir-519a'],['Unconfirmed']
['hsa-mir-566'],['Unconfirmed']
['hsa-mir-548d-2'],['Unconfirmed']
['hsa-mir-892b'],['Unconfirmed']
['hsa-mir-3144'],['Unconfirmed']
['hsa-mir-526a'],['Unconfirmed']
['hsa-mir-1281'],['Unconfirmed']
['hsa-mir-3663'],['Unconfirmed']
['hsa-mir-499b'],['Unconfirmed']
['hsa-mir-549'],['Unconfirmed']
['hsa-mir-4262'],['Unconfirmed']
['hsa-mir-658'],['Unconfirmed']
['hsa-mir-1298'],['Unconfirmed']
['hsa-mir-888'],['Unconfirmed']
['hsa-mir-1203'],['Unconfirmed']
['hsa-mir-4284'],['Unconfirmed']
['hsa-mir-99'],['Unconfirmed']
['hsa-mir-515-2'],['Unconfirmed']
['hsa-mir-640'],['Unconfirmed']
['hsa-mir-892a'],['Unconfirmed']
['hsa-mir-20'],['Unconfirmed']
['hsa-mir-3960'],['Unconfirmed']
['hsa-mir-4644'],['Unconfirmed']
['hsa-mir-802'],['Unconfirmed']
['hsa-mir-1254'],['Unconfirmed']
['hsa-mir-1225'],['Unconfirmed']
['hsa-mir-648'],['Unconfirmed']
['hsa-mir-4443'],['Unconfirmed']
['hsa-mir-761'],['Unconfirmed']
['hsa-mir-4505'],['Unconfirmed']
['hsa-mir-1181'],['Unconfirmed']
['hsa-mir-624'],['dbDEMC']
['hsa-mir-1976'],['Unconfirmed']
['hsa-mir-583'],['Unconfirmed']
['hsa-mir-1302-8'],['Unconfirmed']
['hsa-mir-1260a'],['Unconfirmed']
['hsa-mir-1264'],['Unconfirmed']
['hsa-mir-4306'],['Unconfirmed']
['hsa-mir-320b-1'],['Unconfirmed']
['hsa-mir-320d-2'],['Unconfirmed']
['hsa-mir-1302-5'],['Unconfirmed']
['hsa-mir-4532'],['Unconfirmed']
['hsa-mir-1323'],['Unconfirmed']
['hsa-mir-4487'],['Unconfirmed']
['hsa-mir-450b'],['Unconfirmed']
['hsa-mir-934'],['Unconfirmed']
['hsa-mir-4469'],['Unconfirmed']
['hsa-mir-106'],['Unconfirmed']
['hsa-mir-611'],['Unconfirmed']
['hsa-mir-550a'],['Unconfirmed']
['hsa-mir-4279'],['Unconfirmed']
['hsa-mir-513'],['Unconfirmed']
['hsa-mir-4454'],['Unconfirmed']
['hsa-mir-514a-2'],['Unconfirmed']
['hsa-mir-512-1'],['Unconfirmed']
['hsa-mir-320b-2'],['Unconfirmed']
['hsa-mir-1180'],['Unconfirmed']
['hsa-mir-550'],['Unconfirmed']
['hsa-mir-4449'],['Unconfirmed']
['hsa-mir-4666a'],['Unconfirmed']
['hsa-mir-1238'],['Unconfirmed']
['hsa-mir-466'],['Unconfirmed']
['hsa-mir-4458'],['Unconfirmed']
['hsa-mir-1287'],['Unconfirmed']
['hsa-mir-1909'],['Unconfirmed']
['hsa-mir-1302-3'],['Unconfirmed']
['hsa-mir-569'],['Unconfirmed']
['hsa-mir-451b'],['Unconfirmed']
['hsa-mir-4423'],['Unconfirmed']
['hsa-mir-487a'],['Unconfirmed']
['hsa-mir-509-1'],['Unconfirmed']
['hsa-mir-124a-2'],['Unconfirmed']
['hsa-mir-641'],['Unconfirmed']
['hsa-mir-181-2'],['Unconfirmed']
['hsa-mir-1248'],['Unconfirmed']
['hsa-mir-1233'],['Unconfirmed']
['hsa-mir-5100'],['Unconfirmed']
['hsa-mir-3622b'],['Unconfirmed']
['hsa-mir-500b'],['Unconfirmed']
['hsa-mir-642'],['Unconfirmed']
['hsa-mir-937'],['Unconfirmed']
['hsa-mir-3189'],['Unconfirmed']
['hsa-mir-1471'],['Unconfirmed']
['hsa-mir-3138'],['Unconfirmed']
['hsa-mir-770'],['Unconfirmed']
['hsa-mir-1296'],['Unconfirmed']
['hsa-mir-564'],['Unconfirmed']
['hsa-mir-875'],['Unconfirmed']
['hsa-mir-1273g'],['Unconfirmed']
['hsa-mir-664a'],['Unconfirmed']
['hsa-mir-923'],['Unconfirmed']
['hsa-mir-6875'],['Unconfirmed']
['hsa-mir-1274b'],['Unconfirmed']
['hsa-mir-1322'],['Unconfirmed']
['hsa-mir-1229'],['Unconfirmed']
['hsa-mir-526a-1'],['Unconfirmed']
['hsa-mir-1302-7'],['Unconfirmed']
['hsa-mir-3928'],['Unconfirmed']
['hsa-mir-5096'],['Unconfirmed']
['hsa-mir-514a-1'],['Unconfirmed']
['hsa-mir-450'],['Unconfirmed']
['hsa-mir-1237'],['Unconfirmed']
['hsa-mir-614'],['Unconfirmed']
['hsa-mir-1292'],['Unconfirmed']
['hsa-mir-517b'],['Unconfirmed']
['hsa-mir-329-2'],['Unconfirmed']
['hsa-mir-3178'],['Unconfirmed']
['hsa-mir-599'],['Unconfirmed']
['hsa-mir-515'],['Unconfirmed']
['hsa-mir-1302-4'],['Unconfirmed']
['hsa-mir-4478'],['Unconfirmed']
['hsa-mir-1283'],['Unconfirmed']
['hsa-mir-378c'],['Unconfirmed']
['hsa-mir-597'],['Unconfirmed']
['hsa-mir-4293'],['Unconfirmed']
['hsa-mir-649'],['Unconfirmed']
['hsa-mir-1295a'],['Unconfirmed']
['hsa-mir-1249'],['Unconfirmed']
['hsa-mir-631'],['Unconfirmed']
['hsa-mir-3201'],['Unconfirmed']
['hsa-mir-1284'],['Unconfirmed']
['hsa-mir-365-2'],['Unconfirmed']
['hsa-mir-1286'],['Unconfirmed']
['hsa-mir-124a-1'],['Unconfirmed']
['hsa-mir-1294'],['Unconfirmed']
['hsa-mir-551'],['Unconfirmed']
['hsa-mir-4467'],['Unconfirmed']
['hsa-mir-4496'],['Unconfirmed']
['hsa-mir-124a-3'],['Unconfirmed']
['hsa-mir-3915'],['Unconfirmed']
['hsa-mir-1305'],['Unconfirmed']
['hsa-mir-7515'],['Unconfirmed']
['hsa-mir-644b'],['Unconfirmed']
['hsa-mir-941'],['Unconfirmed']
['hsa-mir-1302-6'],['Unconfirmed']
['hsa-mir-1308'],['Unconfirmed']
['hsa-mir-521-2'],['Unconfirmed']
['hsa-mir-644'],['Unconfirmed']
['hsa-mir-1182'],['Unconfirmed']
['hsa-mir-1914'],['Unconfirmed']
['hsa-mir-496'],['Unconfirmed']
['hsa-mir-4324'],['Unconfirmed']
['hsa-mir-6836'],['Unconfirmed']
['hsa-mir-6886'],['Unconfirmed']
['hsa-mir-507'],['Unconfirmed']
['hsa-mir-6075'],['Unconfirmed']
['hsa-mir-544b'],['Unconfirmed']
['hsa-mir-1301'],['Unconfirmed']
['hsa-mir-591'],['Unconfirmed']
['hsa-mir-3171'],['Unconfirmed']
['hsa-mir-371b'],['Unconfirmed']
['hsa-mir-4775'],['Unconfirmed']
['hsa-mir-4501'],['Unconfirmed']
['hsa-mir-4417'],['Unconfirmed']
['hsa-mir-518f'],['Unconfirmed']
['hsa-mir-3908'],['Unconfirmed']
['hsa-mir-329-1'],['Unconfirmed']
['hsa-mir-1302-2'],['Unconfirmed']
['hsa-mir-521'],['Unconfirmed']
['hsa-mir-4295'],['Unconfirmed']
['hsa-mir-4672'],['Unconfirmed']
['hsa-mir-450a-2'],['Unconfirmed']
['hsa-mir-192-2'],['Unconfirmed']
['hsa-mir-1972'],['Unconfirmed']
['hsa-mir-621'],['Unconfirmed']
['hsa-mir-4270'],['Unconfirmed']
['hsa-mir-4649'],['Unconfirmed']
['hsa-mir-556'],['Unconfirmed']
['hsa-mir-6799'],['Unconfirmed']
['hsa-mir-4792'],['Unconfirmed']
['hsa-mir-3913'],['Unconfirmed']
['hsa-mir-3916'],['Unconfirmed']
['hsa-mir-768'],['Unconfirmed']
['hsa-mir-3620'],['Unconfirmed']
['hsa-mir-4697'],['Unconfirmed']
['hsa-mir-5000'],['Unconfirmed']
['hsa-mir-4634'],['Unconfirmed']
['hsa-mir-374'],['Unconfirmed']
['hsa-mir-1270'],['Unconfirmed']
['hsa-mir-23c'],['Unconfirmed']
['hsa-mir-1302-1'],['Unconfirmed']
['hsa-mir-3925'],['Unconfirmed']
['hsa-mir-3651'],['Unconfirmed']
['hsa-mir-4497'],['Unconfirmed']
['hsa-mir-516'],['Unconfirmed']
['hsa-mir-2392'],['Unconfirmed']
['hsa-mir-3649'],['Unconfirmed']
['hsa-mir-3687'],['Unconfirmed']
['hsa-mir-1269a'],['Unconfirmed']
['hsa-mir-635'],['Unconfirmed']
['hsa-mir-711'],['Unconfirmed']
['hsa-mir-3179-2'],['Unconfirmed']
['hsa-mir-4778'],['Unconfirmed']
['hsa-mir-941-3'],['Unconfirmed']
['hsa-mir-5692b'],['Unconfirmed']
['hsa-mir-5586'],['Unconfirmed']
['hsa-mir-567'],['Unconfirmed']
['hsa-mir-1233-1'],['Unconfirmed']
['hsa-mir-4488'],['Unconfirmed']
['hsa-mir-6126'],['Unconfirmed']
['hsa-mir-548a-1'],['Unconfirmed']
['hsa-mir-4521'],['Unconfirmed']
['hsa-mir-6069'],['Unconfirmed']
['hsa-mir-1260b'],['Unconfirmed']
['hsa-mir-1206'],['Unconfirmed']
['hsa-mir-651'],['Unconfirmed']
['hsa-mir-6873'],['Unconfirmed']
['hsa-mir-3176'],['Unconfirmed']
['hsa-mir-1265'],['Unconfirmed']
['hsa-mir-4753'],['Unconfirmed']
['hsa-mir-550a-3'],['Unconfirmed']
['hsa-mir-3172'],['Unconfirmed']
['hsa-mir-3074'],['Unconfirmed']
['hsa-mir-3610'],['Unconfirmed']
['hsa-mir-548am'],['Unconfirmed']
['hsa-mir-544'],['Unconfirmed']
['hsa-mir-1226'],['Unconfirmed']
['hsa-mir-4701'],['Unconfirmed']
['hsa-mir-450a'],['Unconfirmed']
['hsa-mir-548a-2'],['Unconfirmed']
['hsa-mir-3179-1'],['Unconfirmed']
['hsa-mir-555'],['Unconfirmed']
['hsa-mir-3664'],['Unconfirmed']
['hsa-mir-3117'],['Unconfirmed']
['hsa-mir-3682'],['Unconfirmed']
['hsa-mir-941-1'],['Unconfirmed']
['hsa-mir-518a-1'],['Unconfirmed']
['hsa-mir-4301'],['Unconfirmed']
['hsa-mir-1256'],['Unconfirmed']
['hsa-mir-105-1'],['Unconfirmed']
['hsa-mir-1178'],['Unconfirmed']
['hsa-mir-365-1'],['Unconfirmed']
['hsa-mir-620'],['Unconfirmed']
['hsa-mir-5193'],['Unconfirmed']
['hsa-mir-1285-1'],['Unconfirmed']
['hsa-mir-548p'],['Unconfirmed']
['hsa-mir-5189'],['Unconfirmed']
['hsa-mir-105-2'],['Unconfirmed']
['hsa-mir-801'],['Unconfirmed']
['hsa-mir-3170'],['Unconfirmed']
['hsa-mir-1293'],['Unconfirmed']
['hsa-mir-1972-1'],['Unconfirmed']
['hsa-mir-1273'],['Unconfirmed']
['hsa-mir-3130'],['Unconfirmed']
['hsa-mir-1273c'],['Unconfirmed']
['hsa-mir-541'],['Unconfirmed']
['hsa-mir-1267'],['Unconfirmed']
['hsa-mir-1343'],['Unconfirmed']
['hsa-mir-644a'],['Unconfirmed']
['hsa-mir-4298'],['Unconfirmed']
['hsa-mir-6729'],['Unconfirmed']
['hsa-mir-3148'],['Unconfirmed']
['hsa-mir-7107'],['Unconfirmed']
['hsa-mir-4446'],['Unconfirmed']
['hsa-mir-1300'],['Unconfirmed']
['hsa-mir-4480'],['Unconfirmed']
['hsa-mir-299a'],['Unconfirmed']
['hsa-mir-4290'],['Unconfirmed']
['hsa-mir-1295b'],['Unconfirmed']
['hsa-mir-4793'],['Unconfirmed']
['hsa-mir-548ac'],['Unconfirmed']
['hsa-mir-4436b-2'],['Unconfirmed']
['hsa-mir-4500'],['Unconfirmed']
['hsa-mir-548i'],['Unconfirmed']
['hsa-mir-326b'],['Unconfirmed']
['hsa-mir-3158'],['Unconfirmed']
['hsa-mir-3646'],['Unconfirmed']
['hsa-mir-3182'],['Unconfirmed']
['hsa-mir-518d'],['Unconfirmed']
['hsa-mir-4419b'],['Unconfirmed']
['hsa-mir-3127'],['Unconfirmed']
['hsa-mir-8084'],['Unconfirmed']
['hsa-mir-548q'],['Unconfirmed']
['hsa-mir-565'],['Unconfirmed']
['hsa-mir-514a-3'],['Unconfirmed']
['hsa-mir-516b'],['Unconfirmed']
['hsa-mir-891a'],['Unconfirmed']
['hsa-mir-4476'],['Unconfirmed']
['hsa-mir-514b'],['Unconfirmed']
['hsa-mir-3614'],['Unconfirmed']
['hsa-mir-600'],['Unconfirmed']
['hsa-mir-3198'],['Unconfirmed']
['hsa-mir-4447'],['Unconfirmed']
['hsa-mir-548t'],['Unconfirmed']
['hsa-mir-3163'],['Unconfirmed']
['hsa-mir-1269b'],['Unconfirmed']
['hsa-mir-581'],['Unconfirmed']
['hsa-mir-4736'],['Unconfirmed']
['hsa-mir-4484'],['Unconfirmed']
['hsa-mir-4268'],['Unconfirmed']
['hsa-mir-1321'],['Unconfirmed']
['hsa-mir-1538'],['Unconfirmed']
['hsa-mir-4772'],['Unconfirmed']
['hsa-mir-453'],['Unconfirmed']
['hsa-mir-6780b'],['Unconfirmed']
['hsa-mir-191a'],['Unconfirmed']
['hsa-mir-4726'],['Unconfirmed']
['hsa-mir-9a'],['Unconfirmed']
['hsa-mir-3065'],['Unconfirmed']
['hsa-mir-145a'],['Unconfirmed']
['hsa-mir-122a'],['Unconfirmed']
['hsa-mir-4530'],['Unconfirmed']
['hsa-mir-4706'],['Unconfirmed']
['hsa-mir-3976'],['Unconfirmed']
['hsa-mir-3186'],['Unconfirmed']
['hsa-mir-4455'],['Unconfirmed']
['hsa-mir-623'],['Unconfirmed']
['hsa-mir-6068'],['Unconfirmed']
['hsa-mir-450a-1'],['Unconfirmed']
['hsa-mir-562'],['Unconfirmed']
['hsa-mir-933'],['dbDEMC']
['hsa-mir-3926'],['Unconfirmed']
['hsa-mir-4274'],['Unconfirmed']
['hsa-mir-3648'],['Unconfirmed']
['hsa-mir-4728'],['Unconfirmed']
['hsa-mir-6720'],['Unconfirmed']
['hsa-mir-466b'],['Unconfirmed']
['hsa-mir-548a-3'],['Unconfirmed']
['hsa-mir-3945'],['Unconfirmed']
['hsa-mir-4281'],['Unconfirmed']
['hsa-mir-5010'],['Unconfirmed']
['hsa-mir-676'],['Unconfirmed']
['hsa-mir-3131'],['Unconfirmed']
['hsa-mir-1282'],['Unconfirmed']
['hsa-mir-4770'],['Unconfirmed']
['hsa-mir-3126'],['Unconfirmed']
['hsa-mir-103-2'],['Unconfirmed']
['hsa-mir-3689d'],['Unconfirmed']
['hsa-mir-4795'],['Unconfirmed']
['hsa-mir-588'],['Unconfirmed']
['hsa-mir-3147'],['Unconfirmed']
['hsa-mir-4758'],['Unconfirmed']
['hsa-mir-548l'],['Unconfirmed']
['hsa-mir-548a'],['Unconfirmed']
['hsa-mir-619'],['Unconfirmed']
['hsa-mir-1261'],['Unconfirmed']
['hsa-mir-521-1'],['Unconfirmed']
['hsa-mir-1273d'],['Unconfirmed']
['hsa-mir-4429'],['Unconfirmed']
['hsa-mir-1295'],['Unconfirmed']
['hsa-mir-670'],['Unconfirmed']
['hsa-mir-1268a'],['Unconfirmed']
['hsa-mir-1273a'],['Unconfirmed']
['hsa-mir-157'],['Unconfirmed']
['hsa-mir-6826'],['Unconfirmed']
['hsa-mir-6133'],['Unconfirmed']
['hsa-mir-412'],['Unconfirmed']
['hsa-mir-518a-2'],['Unconfirmed']
['hsa-mir-3653'],['Unconfirmed']
['hsa-mir-1260'],['Unconfirmed']
['hsa-mir-1276'],['Unconfirmed']
['hsa-mir-1204'],['Unconfirmed']
['hsa-mir-604'],['Unconfirmed']
['hsa-mir-648a'],['Unconfirmed']
['hsa-mir-4784'],['Unconfirmed']
['hsa-mir-4294'],['Unconfirmed']
['hsa-mir-3677'],['Unconfirmed']
['hsa-mir-3658'],['Unconfirmed']
['hsa-mir-3656'],['Unconfirmed']
['hsa-mir-3611'],['Unconfirmed']
['hsa-mir-550b-2'],['Unconfirmed']
['hsa-mir-4648'],['Unconfirmed']
['hsa-mir-423-5p'],['Unconfirmed']
['hsa-mir-633b'],['Unconfirmed']
['hsa-mir-3909'],['Unconfirmed']
['hsa-mir-889'],['Unconfirmed']
['hsa-mir-6880'],['Unconfirmed']
['hsa-mir-1185'],['Unconfirmed']
['hsa-mir-7705'],['Unconfirmed']
['hsa-mir-3686'],['Unconfirmed']
['hsa-mir-668'],['Unconfirmed']
['hsa-mir-9500'],['Unconfirmed']
['hsa-mir-4534'],['Unconfirmed']
['hsa-mir-4639'],['Unconfirmed']
['hsa-mir-1268'],['Unconfirmed']
['hsa-mir-6734'],['Unconfirmed']
['hsa-mir-1285-2'],['Unconfirmed']
['hsa-mir-4448'],['Unconfirmed']
['hsa-mir-7152'],['Unconfirmed']
['hsa-mir-1245a'],['Unconfirmed']
['hsa-mir-5582'],['Unconfirmed']
['hsa-mir-5004'],['Unconfirmed']
['hsa-mir-1468'],['Unconfirmed']
['hsa-mir-6861'],['Unconfirmed']
['hsa-mir-4516'],['Unconfirmed']
['hsa-mir-617'],['Unconfirmed']
['hsa-mir-1201'],['Unconfirmed']
['hsa-mir-7847'],['Unconfirmed']
['hsa-mir-1233-2'],['Unconfirmed']
['hsa-mir-4782'],['Unconfirmed']
['hsa-mir-3673'],['Unconfirmed']
['hsa-mir-1245b'],['Unconfirmed']
['hsa-mir-1277'],['Unconfirmed']
['hsa-mir-4687'],['Unconfirmed']
['hsa-mir-514'],['Unconfirmed']
['hsa-mir-578'],['Unconfirmed']
['hsa-mir-4513'],['Unconfirmed']
['hsa-mir-4257'],['Unconfirmed']
['hsa-mir-4465'],['Unconfirmed']
['hsa-mir-3179-3'],['Unconfirmed']
['hsa-mir-2682'],['Unconfirmed']
['hsa-mir-3185'],['Unconfirmed']
['hsa-mir-941-4'],['Unconfirmed']
['hsa-mir-4731'],['Unconfirmed']
['hsa-mir-3607'],['Unconfirmed']
['hsa-mir-6721'],['Unconfirmed']
['hsa-mir-513a'],['Unconfirmed']
['hsa-mir-4661'],['Unconfirmed']
['hsa-mir-1254-1'],['Unconfirmed']
['hsa-mir-3195'],['Unconfirmed']
['hsa-mir-5009'],['Unconfirmed']
['hsa-mir-3940'],['Unconfirmed']
['hsa-mir-548an'],['Unconfirmed']
['hsa-mir-4723'],['Unconfirmed']
['hsa-mir-633'],['Unconfirmed']
['hsa-mir-4436b-1'],['Unconfirmed']
['hsa-mir-1974'],['Unconfirmed']
['hsa-mir-103b'],['Unconfirmed']
['hsa-mir-568'],['Unconfirmed']
['hsa-mir-764'],['Unconfirmed']
['hsa-mir-129b'],['Unconfirmed']
['hsa-mir-1269'],['Unconfirmed']
['hsa-mir-1184'],['Unconfirmed']
['hsa-mir-548f'],['Unconfirmed']
['hsa-mir-643'],['Unconfirmed']
['hsa-mir-3662'],['Unconfirmed']
['hsa-mir-4721'],['Unconfirmed']
['hsa-mir-3666'],['Unconfirmed']
['hsa-mir-7109'],['Unconfirmed']
['hsa-mir-1304'],['Unconfirmed']
['hsa-mir-1184-1'],['Unconfirmed']
['hsa-mir-550b-1'],['Unconfirmed']
['hsa-mir-4518'],['Unconfirmed']
['hsa-mir-1469'],['Unconfirmed']
['hsa-mir-3654'],['Unconfirmed']
['hsa-mir-4510'],['Unconfirmed']
['hsa-mir-3923'],['Unconfirmed']
['hsa-mir-3156'],['Unconfirmed']
['hsa-mir-2116'],['Unconfirmed']
['hsa-mir-3130-1'],['Unconfirmed']
['hsa-mir-1268b'],['Unconfirmed']
['hsa-mir-3188'],['Unconfirmed']
['hsa-mir-4664'],['Unconfirmed']
['hsa-mir-943'],['Unconfirmed']
['hsa-mir-4271'],['Unconfirmed']
['hsa-mir-4317'],['Unconfirmed']
['hsa-mir-3622a'],['Unconfirmed']
['hsa-mir-664b'],['Unconfirmed']
['hsa-mir-4466'],['Unconfirmed']
['hsa-mir-4489'],['Unconfirmed']
['hsa-mir-1826'],['Unconfirmed']
['hsa-mir-656'],['Unconfirmed']
['hsa-mir-587'],['Unconfirmed']
['hsa-mir-220a'],['Unconfirmed']
['hsa-mir-3200'],['Unconfirmed']
['hsa-mir-4787'],['Unconfirmed']
['hsa-mir-4764'],['Unconfirmed']
['hsa-mir-921'],['Unconfirmed']
['hsa-mir-2355'],['Unconfirmed']
['hsa-mir-3120'],['Unconfirmed']
['hsa-mir-4650'],['Unconfirmed']
['hsa-mir-4291'],['Unconfirmed']
['hsa-mir-1324'],['Unconfirmed']
['hsa-mir-4258'],['Unconfirmed']
['hsa-mir-3177'],['Unconfirmed']
['hsa-mir-4282'],['Unconfirmed']
['hsa-mir-762'],['Unconfirmed']
['hsa-mir-3941'],['Unconfirmed']
['hsa-mir-626'],['Unconfirmed']
['hsa-mir-514a'],['Unconfirmed']
['hsa-mir-3142'],['Unconfirmed']
['hsa-mir-606'],['Unconfirmed']
['hsa-mir-3130-2'],['Unconfirmed']
